relpath	sha256	bytes	version
onboarding-v0.1.0/README.md	dbcde8a839e85d08848918614adcb6d047c59d08eb2158a6eb9add32b853b222	1359	onboarding-v0.1.0
onboarding-v0.1.0/VERSION	e07ab084d09cf6654430c5b6fa433c2e77fb7fb738eae34b343b53b07fc65580	137	onboarding-v0.1.0
onboarding-v0.1.0/assets/chiefmonkey6.glb	36fcbb82ccae0aad13578f986ea214f6fc056b4a86c6284975ce6216924161fe	1227020	onboarding-v0.1.0
onboarding-v0.1.0/character.js	4706b711d9b35f524bb7ce1be07420b0b2e6e087294f64ba9394f3969a5ff276	6403	onboarding-v0.1.0
onboarding-v0.1.0/deck.js	840c90630ef4a140d6c27086eafe0d4f9d93a0588a3aa26991fd00766aaef088	3631	onboarding-v0.1.0
onboarding-v0.1.0/index.html	efd496f1f982ce65db4765cc07063097e19052976eaa7742e2df929097892c8b	12229	onboarding-v0.1.0
onboarding-v0.1.0/scenes/01-approach.png	f0f1997d3be6cafdc49577b11cb1bc1ea8b86eb05aec1271a78dd2692e8d5d79	3166545	onboarding-v0.1.0
onboarding-v0.1.0/scenes/02-preparation.png	3d5d7a0ae89a3f863b970a82d1e2abe821109fca310603ecacbc3b1eefd2ba9a	2738136	onboarding-v0.1.0
onboarding-v0.1.0/scenes/03-connection.png	e0ed57cac5857cd39a9f681ce1480efbab4eb200f4961952489d6bf63e7b0dd4	2648940	onboarding-v0.1.0
onboarding-v0.1.0/scenes/04-introduction.png	7c6756d406b43245b4439b5e28ae5c8f3aca16ee5abb663d1465d8ba1e8597d7	3006569	onboarding-v0.1.0
onboarding-v0.1.0/scenes/05-departure.png	d9bcc3095d98400461388c143990e0f3b789735858238c2d6cca285248f33b0a	2940982	onboarding-v0.1.0
onboarding-v0.1.0/shared.css	9f0f101523ef65a0987e1814967a647d57fe82cbac35c1a702e8655858694591	18136	onboarding-v0.1.0
onboarding-v0.1.0/three-libs/draco/draco_decoder.js	8625489da79a805f4f2a7d511c3e52d8b4085608a9d2a4d5f4f9de5db0aea04f	512465	onboarding-v0.1.0
onboarding-v0.1.0/three-libs/draco/draco_decoder.wasm	a680d927bed9cb864ddbd63521868891af2bfbe755092761b4837487618df8ac	192420	onboarding-v0.1.0
onboarding-v0.1.0/three-libs/draco/draco_wasm_wrapper.js	8bb2952d2ba7d67e1414f8df819410cb0434a666be53f671fff75f68843d76f6	58456	onboarding-v0.1.0
onboarding-v0.1.1/CHANGELOG.md	7816e38d89a6f3026eef2db90af13996346de53c09768ce53b0eb5584d78b183	567	onboarding-v0.1.1
onboarding-v0.1.1/README.md	3548b72c010ea64034b3c372d3c8080820cacd91ec0e0c659b12ee1c307e7c66	2542	onboarding-v0.1.1
onboarding-v0.1.1/VERSION	a36e5241d61da0a6a2b5a53d0ce8762733a52cb5aa4917b4e0bbc0b956b29037	14	onboarding-v0.1.1
onboarding-v0.1.1/assets/chiefmonkey6.glb	36fcbb82ccae0aad13578f986ea214f6fc056b4a86c6284975ce6216924161fe	1227020	onboarding-v0.1.1
onboarding-v0.1.1/character.js	3e2e97ea3f70e6e543e1ca5bc7216545a074da1e553b386f2bb442ea3fde2eab	8446	onboarding-v0.1.1
onboarding-v0.1.1/deck.js	840c90630ef4a140d6c27086eafe0d4f9d93a0588a3aa26991fd00766aaef088	3631	onboarding-v0.1.1
onboarding-v0.1.1/index.html	dce1a6ddc91bdbdb49148a212c5fec8ea7ad52a074c9f82dad80a7a58f84e2d3	12546	onboarding-v0.1.1
onboarding-v0.1.1/scenes/01-approach.png	f0f1997d3be6cafdc49577b11cb1bc1ea8b86eb05aec1271a78dd2692e8d5d79	3166545	onboarding-v0.1.1
onboarding-v0.1.1/scenes/02-preparation.png	3d5d7a0ae89a3f863b970a82d1e2abe821109fca310603ecacbc3b1eefd2ba9a	2738136	onboarding-v0.1.1
onboarding-v0.1.1/scenes/03-connection.png	e0ed57cac5857cd39a9f681ce1480efbab4eb200f4961952489d6bf63e7b0dd4	2648940	onboarding-v0.1.1
onboarding-v0.1.1/scenes/04-introduction.png	7c6756d406b43245b4439b5e28ae5c8f3aca16ee5abb663d1465d8ba1e8597d7	3006569	onboarding-v0.1.1
onboarding-v0.1.1/scenes/05-departure.png	d9bcc3095d98400461388c143990e0f3b789735858238c2d6cca285248f33b0a	2940982	onboarding-v0.1.1
onboarding-v0.1.1/shared.css	d8854fef69bebd9bf1615d5d89f472e9aad0dc77d0c14882a7f7ccb64af92a38	18604	onboarding-v0.1.1
onboarding-v0.1.1/three-libs/draco/draco_decoder.js	8625489da79a805f4f2a7d511c3e52d8b4085608a9d2a4d5f4f9de5db0aea04f	512465	onboarding-v0.1.1
onboarding-v0.1.1/three-libs/draco/draco_decoder.wasm	a680d927bed9cb864ddbd63521868891af2bfbe755092761b4837487618df8ac	192420	onboarding-v0.1.1
onboarding-v0.1.1/three-libs/draco/draco_wasm_wrapper.js	8bb2952d2ba7d67e1414f8df819410cb0434a666be53f671fff75f68843d76f6	58456	onboarding-v0.1.1
onboarding-v0.1.1/three-libs/three/addons/loaders/DRACOLoader.js	65c114ecb7b349cdc59c75b2c92d19cca672a138060dba0f60f64262fa40408c	13628	onboarding-v0.1.1
onboarding-v0.1.1/three-libs/three/addons/loaders/GLTFLoader.js	d073b438e6a07e1359741dd5d6c76c953420cc0d4fd84eb1bdde94315540e6a3	108522	onboarding-v0.1.1
onboarding-v0.1.1/three-libs/three/addons/utils/BufferGeometryUtils.js	b0c64fe6f3b9907262921b73fafc4ade874c07ba6b4876e164c87a830c2c2113	31554	onboarding-v0.1.1
onboarding-v0.1.1/three-libs/three/three.module.js	e7348ab8c7bf7a41f7afc5fe503c20a0ed090d9536aacf1ee975d7aaee24d394	1280747	onboarding-v0.1.1
onboarding-v0.1.10/CHANGELOG.md	f80769bde0d7995dd7dfb9ca57f7806651354ed3cbf17f7aaad7a951eb5a52bb	6404	onboarding-v0.1.10
onboarding-v0.1.10/README.md	3548b72c010ea64034b3c372d3c8080820cacd91ec0e0c659b12ee1c307e7c66	2542	onboarding-v0.1.10
onboarding-v0.1.10/VERSION	2cbe6460f9e0e4f2add30e7d21a538b35e4fd0b504c017268062ca22480fc6e0	15	onboarding-v0.1.10
onboarding-v0.1.10/assets/chiefmonkey6.glb	36fcbb82ccae0aad13578f986ea214f6fc056b4a86c6284975ce6216924161fe	1227020	onboarding-v0.1.10
onboarding-v0.1.10/character.js	8d7eb19de7ff8e1cc7826614e808862f97224fa3579c10c9f2fd4e46df670be1	10768	onboarding-v0.1.10
onboarding-v0.1.10/deck.js	840c90630ef4a140d6c27086eafe0d4f9d93a0588a3aa26991fd00766aaef088	3631	onboarding-v0.1.10
onboarding-v0.1.10/index.html	d8adea7ce3daf4697fe9db3348c6af80f9d2aa3037f7c3eb2f7f3a7faade7d8b	15935	onboarding-v0.1.10
onboarding-v0.1.10/inspect/index.html	3f7c8e9d465195d5d4de15ce9066e25cd66889e9571400aec127a439752bf58c	10020	onboarding-v0.1.10
onboarding-v0.1.10/inspect/inspector.js	6e72217a8839fb361894c0772d309d6e778cd06213b5ab139370368fa70150e9	10700	onboarding-v0.1.10
onboarding-v0.1.10/scenes/01-approach.webp	7f08977f9f69d76be10e3b44d2889db8c92b92433afa00009bf08ca0c31a96a7	320598	onboarding-v0.1.10
onboarding-v0.1.10/scenes/02-preparation.webp	6873002c35e0c48c9625d03193d8817abf33974c45da34d2d28d650c34823cd1	204294	onboarding-v0.1.10
onboarding-v0.1.10/scenes/03-connection.webp	fd158e958d0f698ba29e131329438bbcdec922c8f248cdcc29b1385d91942656	230054	onboarding-v0.1.10
onboarding-v0.1.10/scenes/04-introduction.webp	aa9f23448e9e3a21110e7bdb86d7c0cb8935cfd86d3a6d0f3fbdb624f1692eae	269670	onboarding-v0.1.10
onboarding-v0.1.10/scenes/05-departure.webp	66d78eaa61684be7ea58ac74d98705a9634324469f398f52639dd0a47ea9d5b0	292826	onboarding-v0.1.10
onboarding-v0.1.10/shared.css	407eb6a99ad1a7c2f46d8df565e3365c066f89be8ca88cabe8ff652685d1a232	20947	onboarding-v0.1.10
onboarding-v0.1.10/three-libs/draco/draco_decoder.js	8625489da79a805f4f2a7d511c3e52d8b4085608a9d2a4d5f4f9de5db0aea04f	512465	onboarding-v0.1.10
onboarding-v0.1.10/three-libs/draco/draco_decoder.wasm	a680d927bed9cb864ddbd63521868891af2bfbe755092761b4837487618df8ac	192420	onboarding-v0.1.10
onboarding-v0.1.10/three-libs/draco/draco_wasm_wrapper.js	8bb2952d2ba7d67e1414f8df819410cb0434a666be53f671fff75f68843d76f6	58456	onboarding-v0.1.10
onboarding-v0.1.10/three-libs/three/addons/loaders/DRACOLoader.js	65c114ecb7b349cdc59c75b2c92d19cca672a138060dba0f60f64262fa40408c	13628	onboarding-v0.1.10
onboarding-v0.1.10/three-libs/three/addons/loaders/GLTFLoader.js	d073b438e6a07e1359741dd5d6c76c953420cc0d4fd84eb1bdde94315540e6a3	108522	onboarding-v0.1.10
onboarding-v0.1.10/three-libs/three/addons/utils/BufferGeometryUtils.js	b0c64fe6f3b9907262921b73fafc4ade874c07ba6b4876e164c87a830c2c2113	31554	onboarding-v0.1.10
onboarding-v0.1.10/three-libs/three/three.module.js	e7348ab8c7bf7a41f7afc5fe503c20a0ed090d9536aacf1ee975d7aaee24d394	1280747	onboarding-v0.1.10
onboarding-v0.1.11/CHANGELOG.md	6711b270f2ca13cb47f0feb1ad44ec49c7f374f916ed6ad54d150b2f0508c5ee	7434	onboarding-v0.1.11
onboarding-v0.1.11/README.md	3548b72c010ea64034b3c372d3c8080820cacd91ec0e0c659b12ee1c307e7c66	2542	onboarding-v0.1.11
onboarding-v0.1.11/VERSION	17c8df18c6bf15d84ee5c8c68d0e690c7df750599cedf6748e6adb79c58646ad	15	onboarding-v0.1.11
onboarding-v0.1.11/assets/chiefmonkey6.glb	36fcbb82ccae0aad13578f986ea214f6fc056b4a86c6284975ce6216924161fe	1227020	onboarding-v0.1.11
onboarding-v0.1.11/character.js	33484aeffd38e0937e991e44425927c05f26d1270e9761ae094a760cc442a59a	11359	onboarding-v0.1.11
onboarding-v0.1.11/deck.js	840c90630ef4a140d6c27086eafe0d4f9d93a0588a3aa26991fd00766aaef088	3631	onboarding-v0.1.11
onboarding-v0.1.11/index.html	4a359726e4cf0fe72ca673a6057d6b83215e792652fda6d5004a71e70a96745a	16493	onboarding-v0.1.11
onboarding-v0.1.11/inspect/index.html	3f7c8e9d465195d5d4de15ce9066e25cd66889e9571400aec127a439752bf58c	10020	onboarding-v0.1.11
onboarding-v0.1.11/inspect/inspector.js	6e72217a8839fb361894c0772d309d6e778cd06213b5ab139370368fa70150e9	10700	onboarding-v0.1.11
onboarding-v0.1.11/scenes/01-approach.webp	7f08977f9f69d76be10e3b44d2889db8c92b92433afa00009bf08ca0c31a96a7	320598	onboarding-v0.1.11
onboarding-v0.1.11/scenes/02-preparation.webp	6873002c35e0c48c9625d03193d8817abf33974c45da34d2d28d650c34823cd1	204294	onboarding-v0.1.11
onboarding-v0.1.11/scenes/03-connection.webp	fd158e958d0f698ba29e131329438bbcdec922c8f248cdcc29b1385d91942656	230054	onboarding-v0.1.11
onboarding-v0.1.11/scenes/04-introduction.webp	aa9f23448e9e3a21110e7bdb86d7c0cb8935cfd86d3a6d0f3fbdb624f1692eae	269670	onboarding-v0.1.11
onboarding-v0.1.11/scenes/05-departure.webp	66d78eaa61684be7ea58ac74d98705a9634324469f398f52639dd0a47ea9d5b0	292826	onboarding-v0.1.11
onboarding-v0.1.11/shared.css	407eb6a99ad1a7c2f46d8df565e3365c066f89be8ca88cabe8ff652685d1a232	20947	onboarding-v0.1.11
onboarding-v0.1.11/three-libs/draco/draco_decoder.js	8625489da79a805f4f2a7d511c3e52d8b4085608a9d2a4d5f4f9de5db0aea04f	512465	onboarding-v0.1.11
onboarding-v0.1.11/three-libs/draco/draco_decoder.wasm	a680d927bed9cb864ddbd63521868891af2bfbe755092761b4837487618df8ac	192420	onboarding-v0.1.11
onboarding-v0.1.11/three-libs/draco/draco_wasm_wrapper.js	8bb2952d2ba7d67e1414f8df819410cb0434a666be53f671fff75f68843d76f6	58456	onboarding-v0.1.11
onboarding-v0.1.11/three-libs/three/addons/loaders/DRACOLoader.js	65c114ecb7b349cdc59c75b2c92d19cca672a138060dba0f60f64262fa40408c	13628	onboarding-v0.1.11
onboarding-v0.1.11/three-libs/three/addons/loaders/GLTFLoader.js	d073b438e6a07e1359741dd5d6c76c953420cc0d4fd84eb1bdde94315540e6a3	108522	onboarding-v0.1.11
onboarding-v0.1.11/three-libs/three/addons/utils/BufferGeometryUtils.js	b0c64fe6f3b9907262921b73fafc4ade874c07ba6b4876e164c87a830c2c2113	31554	onboarding-v0.1.11
onboarding-v0.1.11/three-libs/three/three.module.js	e7348ab8c7bf7a41f7afc5fe503c20a0ed090d9536aacf1ee975d7aaee24d394	1280747	onboarding-v0.1.11
onboarding-v0.1.12/CHANGELOG.md	5629b64ac733d6bc9f0ab10bf73b29318c85615a87ba24e4a7e5f2c88811bcd6	9535	onboarding-v0.1.12
onboarding-v0.1.12/README.md	9d72ec4245a130ed8a10e73f83d43a60cd3350e9f6cbad16c06eef1ad4c0ebea	2918	onboarding-v0.1.12
onboarding-v0.1.12/VERSION	ad4255b8fa093a69dbab8cebf7f84a19f90686a36e93cf7eebad6bdd53557ebc	15	onboarding-v0.1.12
onboarding-v0.1.12/assets/chiefmonkey6.glb	36fcbb82ccae0aad13578f986ea214f6fc056b4a86c6284975ce6216924161fe	1227020	onboarding-v0.1.12
onboarding-v0.1.12/character.js	5f62db2b67d0bcae5e1b19d305cae8901047ed7cd8aad0cbf6f2b98bb419d7b7	12398	onboarding-v0.1.12
onboarding-v0.1.12/deck.js	e6886fa4bb346ec31b25fb1b58378f84d97755f0c2bf72aaaaee2536b7be18c0	3944	onboarding-v0.1.12
onboarding-v0.1.12/index.html	072f6836c8b6f1942da83a48180df01f3109ff02ba551a98e85610fcb7d00979	17677	onboarding-v0.1.12
onboarding-v0.1.12/inspect/index.html	3f7c8e9d465195d5d4de15ce9066e25cd66889e9571400aec127a439752bf58c	10020	onboarding-v0.1.12
onboarding-v0.1.12/inspect/inspector.js	6e72217a8839fb361894c0772d309d6e778cd06213b5ab139370368fa70150e9	10700	onboarding-v0.1.12
onboarding-v0.1.12/onboarding-client.js	79df0100b2c414cfe57960b7425f73e9e1a0303da80b12269fd38dc56775775b	18633	onboarding-v0.1.12
onboarding-v0.1.12/scenes/01-approach.webp	7f08977f9f69d76be10e3b44d2889db8c92b92433afa00009bf08ca0c31a96a7	320598	onboarding-v0.1.12
onboarding-v0.1.12/scenes/02-preparation.webp	6873002c35e0c48c9625d03193d8817abf33974c45da34d2d28d650c34823cd1	204294	onboarding-v0.1.12
onboarding-v0.1.12/scenes/03-connection.webp	fd158e958d0f698ba29e131329438bbcdec922c8f248cdcc29b1385d91942656	230054	onboarding-v0.1.12
onboarding-v0.1.12/scenes/04-introduction.webp	aa9f23448e9e3a21110e7bdb86d7c0cb8935cfd86d3a6d0f3fbdb624f1692eae	269670	onboarding-v0.1.12
onboarding-v0.1.12/scenes/05-departure.webp	66d78eaa61684be7ea58ac74d98705a9634324469f398f52639dd0a47ea9d5b0	292826	onboarding-v0.1.12
onboarding-v0.1.12/shared.css	8125b11e99dea553c8ac5c6e62576f9d242b1569af339991adcd24577bdcf96e	22046	onboarding-v0.1.12
onboarding-v0.1.12/test/onboarding-client.test.js	1e5623752aecf530a5bf3d43348a22c5816f7a8785ad57584a8a3361a74ebbe9	16498	onboarding-v0.1.12
onboarding-v0.1.12/three-libs/draco/draco_decoder.js	8625489da79a805f4f2a7d511c3e52d8b4085608a9d2a4d5f4f9de5db0aea04f	512465	onboarding-v0.1.12
onboarding-v0.1.12/three-libs/draco/draco_decoder.wasm	a680d927bed9cb864ddbd63521868891af2bfbe755092761b4837487618df8ac	192420	onboarding-v0.1.12
onboarding-v0.1.12/three-libs/draco/draco_wasm_wrapper.js	8bb2952d2ba7d67e1414f8df819410cb0434a666be53f671fff75f68843d76f6	58456	onboarding-v0.1.12
onboarding-v0.1.12/three-libs/three/addons/loaders/DRACOLoader.js	65c114ecb7b349cdc59c75b2c92d19cca672a138060dba0f60f64262fa40408c	13628	onboarding-v0.1.12
onboarding-v0.1.12/three-libs/three/addons/loaders/GLTFLoader.js	d073b438e6a07e1359741dd5d6c76c953420cc0d4fd84eb1bdde94315540e6a3	108522	onboarding-v0.1.12
onboarding-v0.1.12/three-libs/three/addons/utils/BufferGeometryUtils.js	b0c64fe6f3b9907262921b73fafc4ade874c07ba6b4876e164c87a830c2c2113	31554	onboarding-v0.1.12
onboarding-v0.1.12/three-libs/three/three.module.js	e7348ab8c7bf7a41f7afc5fe503c20a0ed090d9536aacf1ee975d7aaee24d394	1280747	onboarding-v0.1.12
onboarding-v0.1.13/CHANGELOG.md	52431692547d66f66a15e78242c7e1bccd014f7401a611786482371494424f3d	11004	onboarding-v0.1.13
onboarding-v0.1.13/README.md	d43b12d183edaaa95ed0ffb35cbbf3b89f63ac79fcdd7a55b369f67e9ca3c812	2918	onboarding-v0.1.13
onboarding-v0.1.13/VERSION	c0ad20d44cd9c64d4097d8502a85936c83537384c8d3237cc4f90f0bf7abd8c8	15	onboarding-v0.1.13
onboarding-v0.1.13/assets/chiefmonkey6.glb	36fcbb82ccae0aad13578f986ea214f6fc056b4a86c6284975ce6216924161fe	1227020	onboarding-v0.1.13
onboarding-v0.1.13/character.js	5f62db2b67d0bcae5e1b19d305cae8901047ed7cd8aad0cbf6f2b98bb419d7b7	12398	onboarding-v0.1.13
onboarding-v0.1.13/deck.js	e6886fa4bb346ec31b25fb1b58378f84d97755f0c2bf72aaaaee2536b7be18c0	3944	onboarding-v0.1.13
onboarding-v0.1.13/index.html	072f6836c8b6f1942da83a48180df01f3109ff02ba551a98e85610fcb7d00979	17677	onboarding-v0.1.13
onboarding-v0.1.13/inspect/index.html	3f7c8e9d465195d5d4de15ce9066e25cd66889e9571400aec127a439752bf58c	10020	onboarding-v0.1.13
onboarding-v0.1.13/inspect/inspector.js	6e72217a8839fb361894c0772d309d6e778cd06213b5ab139370368fa70150e9	10700	onboarding-v0.1.13
onboarding-v0.1.13/onboarding-client.js	6a7c9c67f8a7c941a0b6e723dae902e345b090c81c5a0652e4927d4318661b3f	19002	onboarding-v0.1.13
onboarding-v0.1.13/scenes/01-approach.webp	7f08977f9f69d76be10e3b44d2889db8c92b92433afa00009bf08ca0c31a96a7	320598	onboarding-v0.1.13
onboarding-v0.1.13/scenes/02-preparation.webp	6873002c35e0c48c9625d03193d8817abf33974c45da34d2d28d650c34823cd1	204294	onboarding-v0.1.13
onboarding-v0.1.13/scenes/03-connection.webp	fd158e958d0f698ba29e131329438bbcdec922c8f248cdcc29b1385d91942656	230054	onboarding-v0.1.13
onboarding-v0.1.13/scenes/04-introduction.webp	aa9f23448e9e3a21110e7bdb86d7c0cb8935cfd86d3a6d0f3fbdb624f1692eae	269670	onboarding-v0.1.13
onboarding-v0.1.13/scenes/05-departure.webp	66d78eaa61684be7ea58ac74d98705a9634324469f398f52639dd0a47ea9d5b0	292826	onboarding-v0.1.13
onboarding-v0.1.13/shared.css	8125b11e99dea553c8ac5c6e62576f9d242b1569af339991adcd24577bdcf96e	22046	onboarding-v0.1.13
onboarding-v0.1.13/test/onboarding-client.test.js	112a0fec4630c36ab5d04c517caf2f0e23f1f0cecfac5358a96252037dbfe24b	17728	onboarding-v0.1.13
onboarding-v0.1.13/three-libs/draco/draco_decoder.js	8625489da79a805f4f2a7d511c3e52d8b4085608a9d2a4d5f4f9de5db0aea04f	512465	onboarding-v0.1.13
onboarding-v0.1.13/three-libs/draco/draco_decoder.wasm	a680d927bed9cb864ddbd63521868891af2bfbe755092761b4837487618df8ac	192420	onboarding-v0.1.13
onboarding-v0.1.13/three-libs/draco/draco_wasm_wrapper.js	8bb2952d2ba7d67e1414f8df819410cb0434a666be53f671fff75f68843d76f6	58456	onboarding-v0.1.13
onboarding-v0.1.13/three-libs/three/addons/loaders/DRACOLoader.js	65c114ecb7b349cdc59c75b2c92d19cca672a138060dba0f60f64262fa40408c	13628	onboarding-v0.1.13
onboarding-v0.1.13/three-libs/three/addons/loaders/GLTFLoader.js	d073b438e6a07e1359741dd5d6c76c953420cc0d4fd84eb1bdde94315540e6a3	108522	onboarding-v0.1.13
onboarding-v0.1.13/three-libs/three/addons/utils/BufferGeometryUtils.js	b0c64fe6f3b9907262921b73fafc4ade874c07ba6b4876e164c87a830c2c2113	31554	onboarding-v0.1.13
onboarding-v0.1.13/three-libs/three/three.module.js	e7348ab8c7bf7a41f7afc5fe503c20a0ed090d9536aacf1ee975d7aaee24d394	1280747	onboarding-v0.1.13
onboarding-v0.1.14/CHANGELOG.md	68ce9b5db793c1ac2dd805e7edb7d1edba09af8a4b1c2e8964a2cc27d68cdb33	13745	onboarding-v0.1.14
onboarding-v0.1.14/README.md	b68890819c8532a4fee9b94b56f747f403a948d3d00097f45d69aa56309be119	3096	onboarding-v0.1.14
onboarding-v0.1.14/VERSION	bbafffc2d6537eb2ad597b4a4283ccf96104fc4a6d8c6e36a96d1b8e3d8a9d84	15	onboarding-v0.1.14
onboarding-v0.1.14/assets/chiefmonkey6.glb	36fcbb82ccae0aad13578f986ea214f6fc056b4a86c6284975ce6216924161fe	1227020	onboarding-v0.1.14
onboarding-v0.1.14/character.js	023053665d3da496073f58d76185464aa1300d2de8df5b319dc80da867f19218	13245	onboarding-v0.1.14
onboarding-v0.1.14/deck.js	bebdea67d438d1075a8f821c79429e5589ead3be9d7205861c485168900fb943	5041	onboarding-v0.1.14
onboarding-v0.1.14/index.html	072f6836c8b6f1942da83a48180df01f3109ff02ba551a98e85610fcb7d00979	17677	onboarding-v0.1.14
onboarding-v0.1.14/inspect/index.html	3f7c8e9d465195d5d4de15ce9066e25cd66889e9571400aec127a439752bf58c	10020	onboarding-v0.1.14
onboarding-v0.1.14/inspect/inspector.js	6e72217a8839fb361894c0772d309d6e778cd06213b5ab139370368fa70150e9	10700	onboarding-v0.1.14
onboarding-v0.1.14/onboarding-client.js	4dca6a7adfafe08eb3bf8763cea1bd49bfb9a2ab342ad0739869456576d70a85	23928	onboarding-v0.1.14
onboarding-v0.1.14/scenes/01-approach.webp	7f08977f9f69d76be10e3b44d2889db8c92b92433afa00009bf08ca0c31a96a7	320598	onboarding-v0.1.14
onboarding-v0.1.14/scenes/02-preparation.webp	6873002c35e0c48c9625d03193d8817abf33974c45da34d2d28d650c34823cd1	204294	onboarding-v0.1.14
onboarding-v0.1.14/scenes/03-connection.webp	fd158e958d0f698ba29e131329438bbcdec922c8f248cdcc29b1385d91942656	230054	onboarding-v0.1.14
onboarding-v0.1.14/scenes/04-introduction.webp	aa9f23448e9e3a21110e7bdb86d7c0cb8935cfd86d3a6d0f3fbdb624f1692eae	269670	onboarding-v0.1.14
onboarding-v0.1.14/scenes/05-departure.webp	66d78eaa61684be7ea58ac74d98705a9634324469f398f52639dd0a47ea9d5b0	292826	onboarding-v0.1.14
onboarding-v0.1.14/shared.css	8125b11e99dea553c8ac5c6e62576f9d242b1569af339991adcd24577bdcf96e	22046	onboarding-v0.1.14
onboarding-v0.1.14/test/onboarding-client.test.js	4595b56afae8b5ed5693077cfeb3b93c8651169667c1230e64ecd21828d3bc9b	24411	onboarding-v0.1.14
onboarding-v0.1.14/three-libs/draco/draco_decoder.js	8625489da79a805f4f2a7d511c3e52d8b4085608a9d2a4d5f4f9de5db0aea04f	512465	onboarding-v0.1.14
onboarding-v0.1.14/three-libs/draco/draco_decoder.wasm	a680d927bed9cb864ddbd63521868891af2bfbe755092761b4837487618df8ac	192420	onboarding-v0.1.14
onboarding-v0.1.14/three-libs/draco/draco_wasm_wrapper.js	8bb2952d2ba7d67e1414f8df819410cb0434a666be53f671fff75f68843d76f6	58456	onboarding-v0.1.14
onboarding-v0.1.14/three-libs/three/addons/loaders/DRACOLoader.js	65c114ecb7b349cdc59c75b2c92d19cca672a138060dba0f60f64262fa40408c	13628	onboarding-v0.1.14
onboarding-v0.1.14/three-libs/three/addons/loaders/GLTFLoader.js	d073b438e6a07e1359741dd5d6c76c953420cc0d4fd84eb1bdde94315540e6a3	108522	onboarding-v0.1.14
onboarding-v0.1.14/three-libs/three/addons/utils/BufferGeometryUtils.js	b0c64fe6f3b9907262921b73fafc4ade874c07ba6b4876e164c87a830c2c2113	31554	onboarding-v0.1.14
onboarding-v0.1.14/three-libs/three/three.module.js	e7348ab8c7bf7a41f7afc5fe503c20a0ed090d9536aacf1ee975d7aaee24d394	1280747	onboarding-v0.1.14
onboarding-v0.1.15/CHANGELOG.md	bd35e07c832138092fefec6e61b9fc989f339ac9c3d732530401c0e49413319f	17232	onboarding-v0.1.15
onboarding-v0.1.15/README.md	cef0e06b8eaf848b673049e21ef8851ccb034e1a5ace0965d5207f0d4eb0fb19	3407	onboarding-v0.1.15
onboarding-v0.1.15/VERSION	1eb927a1a82970532d837bc8f162d22fd254db263e2bc97d8c3815a61868d268	15	onboarding-v0.1.15
onboarding-v0.1.15/assets/chiefmonkey6.glb	36fcbb82ccae0aad13578f986ea214f6fc056b4a86c6284975ce6216924161fe	1227020	onboarding-v0.1.15
onboarding-v0.1.15/character.js	6a5033c4997f5480fc13a500cb0fc1aa71fc105c1a03a2767e30eba1a498164a	15392	onboarding-v0.1.15
onboarding-v0.1.15/deck.js	bebdea67d438d1075a8f821c79429e5589ead3be9d7205861c485168900fb943	5041	onboarding-v0.1.15
onboarding-v0.1.15/index.html	072f6836c8b6f1942da83a48180df01f3109ff02ba551a98e85610fcb7d00979	17677	onboarding-v0.1.15
onboarding-v0.1.15/inspect/index.html	3f7c8e9d465195d5d4de15ce9066e25cd66889e9571400aec127a439752bf58c	10020	onboarding-v0.1.15
onboarding-v0.1.15/inspect/inspector.js	6e72217a8839fb361894c0772d309d6e778cd06213b5ab139370368fa70150e9	10700	onboarding-v0.1.15
onboarding-v0.1.15/onboarding-client.js	b8ae727600a0e847ffe405248a31b50c0d79f0b09c553a532f14337b1b681520	27298	onboarding-v0.1.15
onboarding-v0.1.15/scenes/01-approach.webp	7f08977f9f69d76be10e3b44d2889db8c92b92433afa00009bf08ca0c31a96a7	320598	onboarding-v0.1.15
onboarding-v0.1.15/scenes/02-preparation.webp	6873002c35e0c48c9625d03193d8817abf33974c45da34d2d28d650c34823cd1	204294	onboarding-v0.1.15
onboarding-v0.1.15/scenes/03-connection.webp	fd158e958d0f698ba29e131329438bbcdec922c8f248cdcc29b1385d91942656	230054	onboarding-v0.1.15
onboarding-v0.1.15/scenes/04-introduction.webp	aa9f23448e9e3a21110e7bdb86d7c0cb8935cfd86d3a6d0f3fbdb624f1692eae	269670	onboarding-v0.1.15
onboarding-v0.1.15/scenes/05-departure.webp	66d78eaa61684be7ea58ac74d98705a9634324469f398f52639dd0a47ea9d5b0	292826	onboarding-v0.1.15
onboarding-v0.1.15/shared.css	8125b11e99dea553c8ac5c6e62576f9d242b1569af339991adcd24577bdcf96e	22046	onboarding-v0.1.15
onboarding-v0.1.15/test/onboarding-client.test.js	49f155be007543982e11e912a548f5170d57bb537ae2c51987260d242e75247c	30338	onboarding-v0.1.15
onboarding-v0.1.15/three-libs/draco/draco_decoder.js	8625489da79a805f4f2a7d511c3e52d8b4085608a9d2a4d5f4f9de5db0aea04f	512465	onboarding-v0.1.15
onboarding-v0.1.15/three-libs/draco/draco_decoder.wasm	a680d927bed9cb864ddbd63521868891af2bfbe755092761b4837487618df8ac	192420	onboarding-v0.1.15
onboarding-v0.1.15/three-libs/draco/draco_wasm_wrapper.js	8bb2952d2ba7d67e1414f8df819410cb0434a666be53f671fff75f68843d76f6	58456	onboarding-v0.1.15
onboarding-v0.1.15/three-libs/three/addons/loaders/DRACOLoader.js	65c114ecb7b349cdc59c75b2c92d19cca672a138060dba0f60f64262fa40408c	13628	onboarding-v0.1.15
onboarding-v0.1.15/three-libs/three/addons/loaders/GLTFLoader.js	d073b438e6a07e1359741dd5d6c76c953420cc0d4fd84eb1bdde94315540e6a3	108522	onboarding-v0.1.15
onboarding-v0.1.15/three-libs/three/addons/utils/BufferGeometryUtils.js	b0c64fe6f3b9907262921b73fafc4ade874c07ba6b4876e164c87a830c2c2113	31554	onboarding-v0.1.15
onboarding-v0.1.15/three-libs/three/three.module.js	e7348ab8c7bf7a41f7afc5fe503c20a0ed090d9536aacf1ee975d7aaee24d394	1280747	onboarding-v0.1.15
onboarding-v0.1.16/CHANGELOG.md	16d6da999e40dafb62bac84c83cc6ec79c1cc06df45951dbc40547453c872d15	21305	onboarding-v0.1.16
onboarding-v0.1.16/README.md	d4efc3caf0274665d58e4f8afd8142d51fdc6765ab020b4b2a002278b1301559	4106	onboarding-v0.1.16
onboarding-v0.1.16/VERSION	915c3183db5e166a70e1aa5beaccbca46864c8ea6249cd989dceb468ef409fb2	15	onboarding-v0.1.16
onboarding-v0.1.16/assets/chiefmonkey6.glb	36fcbb82ccae0aad13578f986ea214f6fc056b4a86c6284975ce6216924161fe	1227020	onboarding-v0.1.16
onboarding-v0.1.16/character.js	6a5033c4997f5480fc13a500cb0fc1aa71fc105c1a03a2767e30eba1a498164a	15392	onboarding-v0.1.16
onboarding-v0.1.16/deck.js	bebdea67d438d1075a8f821c79429e5589ead3be9d7205861c485168900fb943	5041	onboarding-v0.1.16
onboarding-v0.1.16/index.html	e2520c90d765779a66f0d1422f5de0cc7379142e389e88cac49c036506ee8ca8	19614	onboarding-v0.1.16
onboarding-v0.1.16/inspect/index.html	3f7c8e9d465195d5d4de15ce9066e25cd66889e9571400aec127a439752bf58c	10020	onboarding-v0.1.16
onboarding-v0.1.16/inspect/inspector.js	6e72217a8839fb361894c0772d309d6e778cd06213b5ab139370368fa70150e9	10700	onboarding-v0.1.16
onboarding-v0.1.16/onboarding-client.js	6d8ef1e89aacf8ccc34bce6f152f8dc3d265239caeeb220fdc6b9ac76791b927	51550	onboarding-v0.1.16
onboarding-v0.1.16/scenes/01-approach.webp	7f08977f9f69d76be10e3b44d2889db8c92b92433afa00009bf08ca0c31a96a7	320598	onboarding-v0.1.16
onboarding-v0.1.16/scenes/02-preparation.webp	6873002c35e0c48c9625d03193d8817abf33974c45da34d2d28d650c34823cd1	204294	onboarding-v0.1.16
onboarding-v0.1.16/scenes/03-connection.webp	fd158e958d0f698ba29e131329438bbcdec922c8f248cdcc29b1385d91942656	230054	onboarding-v0.1.16
onboarding-v0.1.16/scenes/04-introduction.webp	aa9f23448e9e3a21110e7bdb86d7c0cb8935cfd86d3a6d0f3fbdb624f1692eae	269670	onboarding-v0.1.16
onboarding-v0.1.16/scenes/05-departure.webp	66d78eaa61684be7ea58ac74d98705a9634324469f398f52639dd0a47ea9d5b0	292826	onboarding-v0.1.16
onboarding-v0.1.16/shared.css	30512a5e0251b8a784ef92452651f3f412f895c6f9d58c3b031200a106559b1e	26187	onboarding-v0.1.16
onboarding-v0.1.16/test/onboarding-client.test.js	e2eddc514d8a4d63d95c4187993d4d0cb833dbd0e10a0521948dba530cc89640	44460	onboarding-v0.1.16
onboarding-v0.1.16/three-libs/draco/draco_decoder.js	8625489da79a805f4f2a7d511c3e52d8b4085608a9d2a4d5f4f9de5db0aea04f	512465	onboarding-v0.1.16
onboarding-v0.1.16/three-libs/draco/draco_decoder.wasm	a680d927bed9cb864ddbd63521868891af2bfbe755092761b4837487618df8ac	192420	onboarding-v0.1.16
onboarding-v0.1.16/three-libs/draco/draco_wasm_wrapper.js	8bb2952d2ba7d67e1414f8df819410cb0434a666be53f671fff75f68843d76f6	58456	onboarding-v0.1.16
onboarding-v0.1.16/three-libs/three/addons/loaders/DRACOLoader.js	65c114ecb7b349cdc59c75b2c92d19cca672a138060dba0f60f64262fa40408c	13628	onboarding-v0.1.16
onboarding-v0.1.16/three-libs/three/addons/loaders/GLTFLoader.js	d073b438e6a07e1359741dd5d6c76c953420cc0d4fd84eb1bdde94315540e6a3	108522	onboarding-v0.1.16
onboarding-v0.1.16/three-libs/three/addons/utils/BufferGeometryUtils.js	b0c64fe6f3b9907262921b73fafc4ade874c07ba6b4876e164c87a830c2c2113	31554	onboarding-v0.1.16
onboarding-v0.1.16/three-libs/three/three.module.js	e7348ab8c7bf7a41f7afc5fe503c20a0ed090d9536aacf1ee975d7aaee24d394	1280747	onboarding-v0.1.16
onboarding-v0.1.17/CHANGELOG.md	59bd6381311109567246c30ea0dffa7cc120a9490c28130c9dbf651d6782690c	25763	onboarding-v0.1.17
onboarding-v0.1.17/README.md	2d420b5e7ff74ea3d0b67f84c9ab4abcb6f4b06da16a53630e5a8f829a0fa6cf	5142	onboarding-v0.1.17
onboarding-v0.1.17/VERSION	55fe16edfbe7a9ecc8368e3bbb2e65c91201827f7ecf4664b227528050a6a88a	15	onboarding-v0.1.17
onboarding-v0.1.17/assets/chiefmonkey-onboarding.glb	0253d5e11c389d00144229085d6569306a4a68613395b35736f4d2793e9e2fcb	2347780	onboarding-v0.1.17
onboarding-v0.1.17/assets/chiefmonkey-onboarding.glb.manifest.json	5a81e09b965bbe6734f91492021700c6890b786c12963e22273a2322076b310e	1865	onboarding-v0.1.17
onboarding-v0.1.17/character.js	9a9bb7f1bcce7864fd4891d80023f199b192385888c4b05ce0927f43a31a044e	20781	onboarding-v0.1.17
onboarding-v0.1.17/deck.js	bebdea67d438d1075a8f821c79429e5589ead3be9d7205861c485168900fb943	5041	onboarding-v0.1.17
onboarding-v0.1.17/index.html	faf799c6f70b92498cbb5cbdc4226b5ef2d86fca0df9d4c81e46e861d01b871a	19624	onboarding-v0.1.17
onboarding-v0.1.17/inspect/index.html	3f7c8e9d465195d5d4de15ce9066e25cd66889e9571400aec127a439752bf58c	10020	onboarding-v0.1.17
onboarding-v0.1.17/inspect/inspector.js	555d64a9f5b4939fb87e2cc5990c2fe987f89cdf0c965de6af8bb2295ce7b897	10730	onboarding-v0.1.17
onboarding-v0.1.17/onboarding-client.js	cab5935882cb36f9b2f447800d1ed369bb202cf75fe19a349e44b12ce7d0da72	57946	onboarding-v0.1.17
onboarding-v0.1.17/scenes/01-approach.webp	7f08977f9f69d76be10e3b44d2889db8c92b92433afa00009bf08ca0c31a96a7	320598	onboarding-v0.1.17
onboarding-v0.1.17/scenes/02-preparation.webp	6873002c35e0c48c9625d03193d8817abf33974c45da34d2d28d650c34823cd1	204294	onboarding-v0.1.17
onboarding-v0.1.17/scenes/03-connection.webp	fd158e958d0f698ba29e131329438bbcdec922c8f248cdcc29b1385d91942656	230054	onboarding-v0.1.17
onboarding-v0.1.17/scenes/04-introduction.webp	aa9f23448e9e3a21110e7bdb86d7c0cb8935cfd86d3a6d0f3fbdb624f1692eae	269670	onboarding-v0.1.17
onboarding-v0.1.17/scenes/05-departure.webp	66d78eaa61684be7ea58ac74d98705a9634324469f398f52639dd0a47ea9d5b0	292826	onboarding-v0.1.17
onboarding-v0.1.17/shared.css	30512a5e0251b8a784ef92452651f3f412f895c6f9d58c3b031200a106559b1e	26187	onboarding-v0.1.17
onboarding-v0.1.17/test/onboarding-client.test.js	97f148e555022791df664f0867c761b0ba070033e8e37b7cd9aa21a8cef4f18b	58796	onboarding-v0.1.17
onboarding-v0.1.17/three-libs/draco/draco_decoder.js	8625489da79a805f4f2a7d511c3e52d8b4085608a9d2a4d5f4f9de5db0aea04f	512465	onboarding-v0.1.17
onboarding-v0.1.17/three-libs/draco/draco_decoder.wasm	a680d927bed9cb864ddbd63521868891af2bfbe755092761b4837487618df8ac	192420	onboarding-v0.1.17
onboarding-v0.1.17/three-libs/draco/draco_wasm_wrapper.js	8bb2952d2ba7d67e1414f8df819410cb0434a666be53f671fff75f68843d76f6	58456	onboarding-v0.1.17
onboarding-v0.1.17/three-libs/three/addons/loaders/DRACOLoader.js	65c114ecb7b349cdc59c75b2c92d19cca672a138060dba0f60f64262fa40408c	13628	onboarding-v0.1.17
onboarding-v0.1.17/three-libs/three/addons/loaders/GLTFLoader.js	d073b438e6a07e1359741dd5d6c76c953420cc0d4fd84eb1bdde94315540e6a3	108522	onboarding-v0.1.17
onboarding-v0.1.17/three-libs/three/addons/utils/BufferGeometryUtils.js	b0c64fe6f3b9907262921b73fafc4ade874c07ba6b4876e164c87a830c2c2113	31554	onboarding-v0.1.17
onboarding-v0.1.17/three-libs/three/three.module.js	e7348ab8c7bf7a41f7afc5fe503c20a0ed090d9536aacf1ee975d7aaee24d394	1280747	onboarding-v0.1.17
onboarding-v0.1.17/tools/SOURCE.md	f677acd1d8c5b1d4fbfd7c9fe098ef4da2e58d7ecdf204b9be5c1909996b0e48	1782	onboarding-v0.1.17
onboarding-v0.1.17/tools/optimize-glb.mjs	b1b823bd6d3197cea21ddfe42cd3bb0903019d4dcf4f23ae9a5dc01c9d95ce62	6681	onboarding-v0.1.17
onboarding-v0.1.17/tools/package.json	e5c8a5ca512e73aa555184f55dc5166d316e538b4c42177f6a766d751f049cad	494	onboarding-v0.1.17
onboarding-v0.1.18/CHANGELOG.md	1afedf49f465748635968737058409ea8e140b3457b091d307b1c170dc7262fa	28272	onboarding-v0.1.18
onboarding-v0.1.18/README.md	7d1a3832f4953833141c8a8b4a7371604dd85eb193aa57b0ed5829e83d563694	5142	onboarding-v0.1.18
onboarding-v0.1.18/VERSION	ad0712feb0b3430057f526df4386a6325f866c4ba779aec06969ca9237843d7d	15	onboarding-v0.1.18
onboarding-v0.1.18/assets/chiefmonkey-onboarding.glb	0253d5e11c389d00144229085d6569306a4a68613395b35736f4d2793e9e2fcb	2347780	onboarding-v0.1.18
onboarding-v0.1.18/assets/chiefmonkey-onboarding.glb.manifest.json	5a81e09b965bbe6734f91492021700c6890b786c12963e22273a2322076b310e	1865	onboarding-v0.1.18
onboarding-v0.1.18/character.js	9a9bb7f1bcce7864fd4891d80023f199b192385888c4b05ce0927f43a31a044e	20781	onboarding-v0.1.18
onboarding-v0.1.18/deck.js	bebdea67d438d1075a8f821c79429e5589ead3be9d7205861c485168900fb943	5041	onboarding-v0.1.18
onboarding-v0.1.18/index.html	ca8eaeda9bc7d8c11c89f0ffdfa74f9f7fcd69d4aab332ee061c2904e39b2fb9	20163	onboarding-v0.1.18
onboarding-v0.1.18/inspect/index.html	3f7c8e9d465195d5d4de15ce9066e25cd66889e9571400aec127a439752bf58c	10020	onboarding-v0.1.18
onboarding-v0.1.18/inspect/inspector.js	555d64a9f5b4939fb87e2cc5990c2fe987f89cdf0c965de6af8bb2295ce7b897	10730	onboarding-v0.1.18
onboarding-v0.1.18/onboarding-client.js	660f9839b8aa455be892b972865cae09560aa1d8e1d9a43becf0816e4d139fba	75080	onboarding-v0.1.18
onboarding-v0.1.18/scenes/01-approach.webp	7f08977f9f69d76be10e3b44d2889db8c92b92433afa00009bf08ca0c31a96a7	320598	onboarding-v0.1.18
onboarding-v0.1.18/scenes/02-preparation.webp	6873002c35e0c48c9625d03193d8817abf33974c45da34d2d28d650c34823cd1	204294	onboarding-v0.1.18
onboarding-v0.1.18/scenes/03-connection.webp	fd158e958d0f698ba29e131329438bbcdec922c8f248cdcc29b1385d91942656	230054	onboarding-v0.1.18
onboarding-v0.1.18/scenes/04-introduction.webp	aa9f23448e9e3a21110e7bdb86d7c0cb8935cfd86d3a6d0f3fbdb624f1692eae	269670	onboarding-v0.1.18
onboarding-v0.1.18/scenes/05-departure.webp	66d78eaa61684be7ea58ac74d98705a9634324469f398f52639dd0a47ea9d5b0	292826	onboarding-v0.1.18
onboarding-v0.1.18/shared.css	e5d66e125b940f31bd60b058713b4aa40668a275f6136939702dcd4103613178	27540	onboarding-v0.1.18
onboarding-v0.1.18/test/onboarding-client.test.js	1fab106b0ef12a7b3a9df71b535a8e817e1279af3f492cf444d6815b07812ee5	66652	onboarding-v0.1.18
onboarding-v0.1.18/three-libs/draco/draco_decoder.js	8625489da79a805f4f2a7d511c3e52d8b4085608a9d2a4d5f4f9de5db0aea04f	512465	onboarding-v0.1.18
onboarding-v0.1.18/three-libs/draco/draco_decoder.wasm	a680d927bed9cb864ddbd63521868891af2bfbe755092761b4837487618df8ac	192420	onboarding-v0.1.18
onboarding-v0.1.18/three-libs/draco/draco_wasm_wrapper.js	8bb2952d2ba7d67e1414f8df819410cb0434a666be53f671fff75f68843d76f6	58456	onboarding-v0.1.18
onboarding-v0.1.18/three-libs/three/addons/loaders/DRACOLoader.js	65c114ecb7b349cdc59c75b2c92d19cca672a138060dba0f60f64262fa40408c	13628	onboarding-v0.1.18
onboarding-v0.1.18/three-libs/three/addons/loaders/GLTFLoader.js	d073b438e6a07e1359741dd5d6c76c953420cc0d4fd84eb1bdde94315540e6a3	108522	onboarding-v0.1.18
onboarding-v0.1.18/three-libs/three/addons/utils/BufferGeometryUtils.js	b0c64fe6f3b9907262921b73fafc4ade874c07ba6b4876e164c87a830c2c2113	31554	onboarding-v0.1.18
onboarding-v0.1.18/three-libs/three/three.module.js	e7348ab8c7bf7a41f7afc5fe503c20a0ed090d9536aacf1ee975d7aaee24d394	1280747	onboarding-v0.1.18
onboarding-v0.1.18/tools/SOURCE.md	f677acd1d8c5b1d4fbfd7c9fe098ef4da2e58d7ecdf204b9be5c1909996b0e48	1782	onboarding-v0.1.18
onboarding-v0.1.18/tools/optimize-glb.mjs	b1b823bd6d3197cea21ddfe42cd3bb0903019d4dcf4f23ae9a5dc01c9d95ce62	6681	onboarding-v0.1.18
onboarding-v0.1.18/tools/package.json	251525a4b7a442c54293f31029f5b1dd3c453824293b1f57222191af3b40c3f3	494	onboarding-v0.1.18
onboarding-v0.1.19/CHANGELOG.md	43541cbdbb3c0d37d1d10298493891a5342a102d8787ecfbb4a96776ccc9dc69	31517	onboarding-v0.1.19
onboarding-v0.1.19/README.md	a50e136e660735b25e3a573650c6f6afc115f2660954928cbbed8f3bf3bdac1e	5142	onboarding-v0.1.19
onboarding-v0.1.19/VERSION	c4b21fde2ead5a97db53efbf197a77a9279a00ff1e659009adc1a4618e2d6b1e	15	onboarding-v0.1.19
onboarding-v0.1.19/assets/chiefmonkey-onboarding.glb	0253d5e11c389d00144229085d6569306a4a68613395b35736f4d2793e9e2fcb	2347780	onboarding-v0.1.19
onboarding-v0.1.19/assets/chiefmonkey-onboarding.glb.manifest.json	5a81e09b965bbe6734f91492021700c6890b786c12963e22273a2322076b310e	1865	onboarding-v0.1.19
onboarding-v0.1.19/character.js	9a9bb7f1bcce7864fd4891d80023f199b192385888c4b05ce0927f43a31a044e	20781	onboarding-v0.1.19
onboarding-v0.1.19/deck.js	7422bf15110708a9b64397345b44be5372b59b7a027ae2dd7d22b360ae215870	5030	onboarding-v0.1.19
onboarding-v0.1.19/index.html	cc9eec3514cae9a60af289b78610befc7de842f8a9c4f72899a93e4b87b659d5	20499	onboarding-v0.1.19
onboarding-v0.1.19/inspect/index.html	3f7c8e9d465195d5d4de15ce9066e25cd66889e9571400aec127a439752bf58c	10020	onboarding-v0.1.19
onboarding-v0.1.19/inspect/inspector.js	555d64a9f5b4939fb87e2cc5990c2fe987f89cdf0c965de6af8bb2295ce7b897	10730	onboarding-v0.1.19
onboarding-v0.1.19/onboarding-client.js	de981b3dbdcc01f202e4ce554da91087f39c2fffdce8b71d1bee6f1e04732e9e	89221	onboarding-v0.1.19
onboarding-v0.1.19/scenes/01-approach.webp	7f08977f9f69d76be10e3b44d2889db8c92b92433afa00009bf08ca0c31a96a7	320598	onboarding-v0.1.19
onboarding-v0.1.19/scenes/02-preparation.webp	6873002c35e0c48c9625d03193d8817abf33974c45da34d2d28d650c34823cd1	204294	onboarding-v0.1.19
onboarding-v0.1.19/scenes/03-connection.webp	fd158e958d0f698ba29e131329438bbcdec922c8f248cdcc29b1385d91942656	230054	onboarding-v0.1.19
onboarding-v0.1.19/scenes/04-introduction.webp	aa9f23448e9e3a21110e7bdb86d7c0cb8935cfd86d3a6d0f3fbdb624f1692eae	269670	onboarding-v0.1.19
onboarding-v0.1.19/scenes/05-departure.webp	66d78eaa61684be7ea58ac74d98705a9634324469f398f52639dd0a47ea9d5b0	292826	onboarding-v0.1.19
onboarding-v0.1.19/shared.css	e6df0ff84682d49957c175b4fd726479938fb461c0a493f5507a17e7f6acb69e	28894	onboarding-v0.1.19
onboarding-v0.1.19/test/onboarding-client.test.js	087635c95ea18024321e8ab9602635b63d29524f0c32758d65f8d95c80c49731	73632	onboarding-v0.1.19
onboarding-v0.1.19/three-libs/draco/draco_decoder.js	8625489da79a805f4f2a7d511c3e52d8b4085608a9d2a4d5f4f9de5db0aea04f	512465	onboarding-v0.1.19
onboarding-v0.1.19/three-libs/draco/draco_decoder.wasm	a680d927bed9cb864ddbd63521868891af2bfbe755092761b4837487618df8ac	192420	onboarding-v0.1.19
onboarding-v0.1.19/three-libs/draco/draco_wasm_wrapper.js	8bb2952d2ba7d67e1414f8df819410cb0434a666be53f671fff75f68843d76f6	58456	onboarding-v0.1.19
onboarding-v0.1.19/three-libs/three/addons/loaders/DRACOLoader.js	65c114ecb7b349cdc59c75b2c92d19cca672a138060dba0f60f64262fa40408c	13628	onboarding-v0.1.19
onboarding-v0.1.19/three-libs/three/addons/loaders/GLTFLoader.js	d073b438e6a07e1359741dd5d6c76c953420cc0d4fd84eb1bdde94315540e6a3	108522	onboarding-v0.1.19
onboarding-v0.1.19/three-libs/three/addons/utils/BufferGeometryUtils.js	b0c64fe6f3b9907262921b73fafc4ade874c07ba6b4876e164c87a830c2c2113	31554	onboarding-v0.1.19
onboarding-v0.1.19/three-libs/three/three.module.js	e7348ab8c7bf7a41f7afc5fe503c20a0ed090d9536aacf1ee975d7aaee24d394	1280747	onboarding-v0.1.19
onboarding-v0.1.19/tools/SOURCE.md	f677acd1d8c5b1d4fbfd7c9fe098ef4da2e58d7ecdf204b9be5c1909996b0e48	1782	onboarding-v0.1.19
onboarding-v0.1.19/tools/optimize-glb.mjs	b1b823bd6d3197cea21ddfe42cd3bb0903019d4dcf4f23ae9a5dc01c9d95ce62	6681	onboarding-v0.1.19
onboarding-v0.1.19/tools/package.json	251525a4b7a442c54293f31029f5b1dd3c453824293b1f57222191af3b40c3f3	494	onboarding-v0.1.19
onboarding-v0.1.20/CHANGELOG.md	dbb41cffd8eae8013b35255039b7a1fc987b67566cb7a7caf8e1d5085862cee5	33461	onboarding-v0.1.20
onboarding-v0.1.20/README.md	a50e136e660735b25e3a573650c6f6afc115f2660954928cbbed8f3bf3bdac1e	5142	onboarding-v0.1.20
onboarding-v0.1.20/VERSION	0d6b5e8965f1c4720e651cf4a6541e6197868006164984d8a7cdabe72ee65140	15	onboarding-v0.1.20
onboarding-v0.1.20/assets/chiefmonkey-onboarding.glb	0253d5e11c389d00144229085d6569306a4a68613395b35736f4d2793e9e2fcb	2347780	onboarding-v0.1.20
onboarding-v0.1.20/assets/chiefmonkey-onboarding.glb.manifest.json	5a81e09b965bbe6734f91492021700c6890b786c12963e22273a2322076b310e	1865	onboarding-v0.1.20
onboarding-v0.1.20/character.js	9a9bb7f1bcce7864fd4891d80023f199b192385888c4b05ce0927f43a31a044e	20781	onboarding-v0.1.20
onboarding-v0.1.20/deck.js	7422bf15110708a9b64397345b44be5372b59b7a027ae2dd7d22b360ae215870	5030	onboarding-v0.1.20
onboarding-v0.1.20/index.html	5eeedcc9793ab01b7328fb3962655b316447d0644dd9ef2d27dd66bf7b3cf24c	20510	onboarding-v0.1.20
onboarding-v0.1.20/inspect/index.html	3f7c8e9d465195d5d4de15ce9066e25cd66889e9571400aec127a439752bf58c	10020	onboarding-v0.1.20
onboarding-v0.1.20/inspect/inspector.js	555d64a9f5b4939fb87e2cc5990c2fe987f89cdf0c965de6af8bb2295ce7b897	10730	onboarding-v0.1.20
onboarding-v0.1.20/onboarding-client.js	ead5a7b853d66a01da983b1828f2461aff4e49d54accee054988ccda6959ca85	90318	onboarding-v0.1.20
onboarding-v0.1.20/scenes/01-approach.webp	7f08977f9f69d76be10e3b44d2889db8c92b92433afa00009bf08ca0c31a96a7	320598	onboarding-v0.1.20
onboarding-v0.1.20/scenes/02-preparation.webp	6873002c35e0c48c9625d03193d8817abf33974c45da34d2d28d650c34823cd1	204294	onboarding-v0.1.20
onboarding-v0.1.20/scenes/03-connection.webp	fd158e958d0f698ba29e131329438bbcdec922c8f248cdcc29b1385d91942656	230054	onboarding-v0.1.20
onboarding-v0.1.20/scenes/04-introduction.webp	aa9f23448e9e3a21110e7bdb86d7c0cb8935cfd86d3a6d0f3fbdb624f1692eae	269670	onboarding-v0.1.20
onboarding-v0.1.20/scenes/05-departure.webp	66d78eaa61684be7ea58ac74d98705a9634324469f398f52639dd0a47ea9d5b0	292826	onboarding-v0.1.20
onboarding-v0.1.20/shared.css	621264b64431a32dff0aa5f139d0f73331e8ce78d323a3fdbc0c86a5d0c4eb19	29402	onboarding-v0.1.20
onboarding-v0.1.20/test/onboarding-client.test.js	f39c3b8f5bffc45950d08af02e99d3646c35af24c1dcc501f338510d3b720482	76937	onboarding-v0.1.20
onboarding-v0.1.20/three-libs/draco/draco_decoder.js	8625489da79a805f4f2a7d511c3e52d8b4085608a9d2a4d5f4f9de5db0aea04f	512465	onboarding-v0.1.20
onboarding-v0.1.20/three-libs/draco/draco_decoder.wasm	a680d927bed9cb864ddbd63521868891af2bfbe755092761b4837487618df8ac	192420	onboarding-v0.1.20
onboarding-v0.1.20/three-libs/draco/draco_wasm_wrapper.js	8bb2952d2ba7d67e1414f8df819410cb0434a666be53f671fff75f68843d76f6	58456	onboarding-v0.1.20
onboarding-v0.1.20/three-libs/three/addons/loaders/DRACOLoader.js	65c114ecb7b349cdc59c75b2c92d19cca672a138060dba0f60f64262fa40408c	13628	onboarding-v0.1.20
onboarding-v0.1.20/three-libs/three/addons/loaders/GLTFLoader.js	d073b438e6a07e1359741dd5d6c76c953420cc0d4fd84eb1bdde94315540e6a3	108522	onboarding-v0.1.20
onboarding-v0.1.20/three-libs/three/addons/utils/BufferGeometryUtils.js	b0c64fe6f3b9907262921b73fafc4ade874c07ba6b4876e164c87a830c2c2113	31554	onboarding-v0.1.20
onboarding-v0.1.20/three-libs/three/three.module.js	e7348ab8c7bf7a41f7afc5fe503c20a0ed090d9536aacf1ee975d7aaee24d394	1280747	onboarding-v0.1.20
onboarding-v0.1.20/tools/SOURCE.md	f677acd1d8c5b1d4fbfd7c9fe098ef4da2e58d7ecdf204b9be5c1909996b0e48	1782	onboarding-v0.1.20
onboarding-v0.1.20/tools/optimize-glb.mjs	b1b823bd6d3197cea21ddfe42cd3bb0903019d4dcf4f23ae9a5dc01c9d95ce62	6681	onboarding-v0.1.20
onboarding-v0.1.20/tools/package.json	251525a4b7a442c54293f31029f5b1dd3c453824293b1f57222191af3b40c3f3	494	onboarding-v0.1.20
onboarding-v0.1.3/CHANGELOG.md	f357c3ed0d1e4066d0333d71603993c4f0a26985c3138cecab57819774298235	1713	onboarding-v0.1.3
onboarding-v0.1.3/README.md	3548b72c010ea64034b3c372d3c8080820cacd91ec0e0c659b12ee1c307e7c66	2542	onboarding-v0.1.3
onboarding-v0.1.3/VERSION	55622da1b5694ea9cdb6c5254643d3c57f403714e54dd3225fbc8b482a8d4c36	14	onboarding-v0.1.3
onboarding-v0.1.3/assets/chiefmonkey6.glb	36fcbb82ccae0aad13578f986ea214f6fc056b4a86c6284975ce6216924161fe	1227020	onboarding-v0.1.3
onboarding-v0.1.3/character.js	3e2e97ea3f70e6e543e1ca5bc7216545a074da1e553b386f2bb442ea3fde2eab	8446	onboarding-v0.1.3
onboarding-v0.1.3/deck.js	840c90630ef4a140d6c27086eafe0d4f9d93a0588a3aa26991fd00766aaef088	3631	onboarding-v0.1.3
onboarding-v0.1.3/index.html	2bed8d2e515fb193db5e35ecf6225fecb52174add4539315736ce96dd0996fa0	14408	onboarding-v0.1.3
onboarding-v0.1.3/scenes/01-approach.png	f0f1997d3be6cafdc49577b11cb1bc1ea8b86eb05aec1271a78dd2692e8d5d79	3166545	onboarding-v0.1.3
onboarding-v0.1.3/scenes/02-preparation.png	3d5d7a0ae89a3f863b970a82d1e2abe821109fca310603ecacbc3b1eefd2ba9a	2738136	onboarding-v0.1.3
onboarding-v0.1.3/scenes/03-connection.png	e0ed57cac5857cd39a9f681ce1480efbab4eb200f4961952489d6bf63e7b0dd4	2648940	onboarding-v0.1.3
onboarding-v0.1.3/scenes/04-introduction.png	7c6756d406b43245b4439b5e28ae5c8f3aca16ee5abb663d1465d8ba1e8597d7	3006569	onboarding-v0.1.3
onboarding-v0.1.3/scenes/05-departure.png	d9bcc3095d98400461388c143990e0f3b789735858238c2d6cca285248f33b0a	2940982	onboarding-v0.1.3
onboarding-v0.1.3/shared.css	6fdb19389c7d67c0a30b83636218686af129b9297f0d6ceac8ff5f120ceb3650	20478	onboarding-v0.1.3
onboarding-v0.1.3/three-libs/draco/draco_decoder.js	8625489da79a805f4f2a7d511c3e52d8b4085608a9d2a4d5f4f9de5db0aea04f	512465	onboarding-v0.1.3
onboarding-v0.1.3/three-libs/draco/draco_decoder.wasm	a680d927bed9cb864ddbd63521868891af2bfbe755092761b4837487618df8ac	192420	onboarding-v0.1.3
onboarding-v0.1.3/three-libs/draco/draco_wasm_wrapper.js	8bb2952d2ba7d67e1414f8df819410cb0434a666be53f671fff75f68843d76f6	58456	onboarding-v0.1.3
onboarding-v0.1.3/three-libs/three/addons/loaders/DRACOLoader.js	65c114ecb7b349cdc59c75b2c92d19cca672a138060dba0f60f64262fa40408c	13628	onboarding-v0.1.3
onboarding-v0.1.3/three-libs/three/addons/loaders/GLTFLoader.js	d073b438e6a07e1359741dd5d6c76c953420cc0d4fd84eb1bdde94315540e6a3	108522	onboarding-v0.1.3
onboarding-v0.1.3/three-libs/three/addons/utils/BufferGeometryUtils.js	b0c64fe6f3b9907262921b73fafc4ade874c07ba6b4876e164c87a830c2c2113	31554	onboarding-v0.1.3
onboarding-v0.1.3/three-libs/three/three.module.js	e7348ab8c7bf7a41f7afc5fe503c20a0ed090d9536aacf1ee975d7aaee24d394	1280747	onboarding-v0.1.3
onboarding-v0.1.4/CHANGELOG.md	4287d5d41aa3e26fe048f14b73e2b4441977a5df8ca1f7b6ee1d667019f11da6	2277	onboarding-v0.1.4
onboarding-v0.1.4/README.md	3548b72c010ea64034b3c372d3c8080820cacd91ec0e0c659b12ee1c307e7c66	2542	onboarding-v0.1.4
onboarding-v0.1.4/VERSION	2e7c93dd8d53e9a04a5f0b439fa753ebc073abb9335f612b396615815fe5b915	14	onboarding-v0.1.4
onboarding-v0.1.4/assets/chiefmonkey6.glb	36fcbb82ccae0aad13578f986ea214f6fc056b4a86c6284975ce6216924161fe	1227020	onboarding-v0.1.4
onboarding-v0.1.4/character.js	3e2e97ea3f70e6e543e1ca5bc7216545a074da1e553b386f2bb442ea3fde2eab	8446	onboarding-v0.1.4
onboarding-v0.1.4/deck.js	840c90630ef4a140d6c27086eafe0d4f9d93a0588a3aa26991fd00766aaef088	3631	onboarding-v0.1.4
onboarding-v0.1.4/index.html	2bed8d2e515fb193db5e35ecf6225fecb52174add4539315736ce96dd0996fa0	14408	onboarding-v0.1.4
onboarding-v0.1.4/inspect/index.html	3f7c8e9d465195d5d4de15ce9066e25cd66889e9571400aec127a439752bf58c	10020	onboarding-v0.1.4
onboarding-v0.1.4/inspect/inspector.js	e4caf3a8222e9ef785cd8a4721ec323f4882b86d5614354e66d27d94833bd0bf	10105	onboarding-v0.1.4
onboarding-v0.1.4/scenes/01-approach.png	f0f1997d3be6cafdc49577b11cb1bc1ea8b86eb05aec1271a78dd2692e8d5d79	3166545	onboarding-v0.1.4
onboarding-v0.1.4/scenes/02-preparation.png	3d5d7a0ae89a3f863b970a82d1e2abe821109fca310603ecacbc3b1eefd2ba9a	2738136	onboarding-v0.1.4
onboarding-v0.1.4/scenes/03-connection.png	e0ed57cac5857cd39a9f681ce1480efbab4eb200f4961952489d6bf63e7b0dd4	2648940	onboarding-v0.1.4
onboarding-v0.1.4/scenes/04-introduction.png	7c6756d406b43245b4439b5e28ae5c8f3aca16ee5abb663d1465d8ba1e8597d7	3006569	onboarding-v0.1.4
onboarding-v0.1.4/scenes/05-departure.png	d9bcc3095d98400461388c143990e0f3b789735858238c2d6cca285248f33b0a	2940982	onboarding-v0.1.4
onboarding-v0.1.4/shared.css	6fdb19389c7d67c0a30b83636218686af129b9297f0d6ceac8ff5f120ceb3650	20478	onboarding-v0.1.4
onboarding-v0.1.4/three-libs/draco/draco_decoder.js	8625489da79a805f4f2a7d511c3e52d8b4085608a9d2a4d5f4f9de5db0aea04f	512465	onboarding-v0.1.4
onboarding-v0.1.4/three-libs/draco/draco_decoder.wasm	a680d927bed9cb864ddbd63521868891af2bfbe755092761b4837487618df8ac	192420	onboarding-v0.1.4
onboarding-v0.1.4/three-libs/draco/draco_wasm_wrapper.js	8bb2952d2ba7d67e1414f8df819410cb0434a666be53f671fff75f68843d76f6	58456	onboarding-v0.1.4
onboarding-v0.1.4/three-libs/three/addons/loaders/DRACOLoader.js	65c114ecb7b349cdc59c75b2c92d19cca672a138060dba0f60f64262fa40408c	13628	onboarding-v0.1.4
onboarding-v0.1.4/three-libs/three/addons/loaders/GLTFLoader.js	d073b438e6a07e1359741dd5d6c76c953420cc0d4fd84eb1bdde94315540e6a3	108522	onboarding-v0.1.4
onboarding-v0.1.4/three-libs/three/addons/utils/BufferGeometryUtils.js	b0c64fe6f3b9907262921b73fafc4ade874c07ba6b4876e164c87a830c2c2113	31554	onboarding-v0.1.4
onboarding-v0.1.4/three-libs/three/three.module.js	e7348ab8c7bf7a41f7afc5fe503c20a0ed090d9536aacf1ee975d7aaee24d394	1280747	onboarding-v0.1.4
onboarding-v0.1.5/CHANGELOG.md	b548f74f0eb517c10a838f0b21ef8ca54c209c8af47d9ebafe6ea5e5fd5ee95f	2816	onboarding-v0.1.5
onboarding-v0.1.5/README.md	3548b72c010ea64034b3c372d3c8080820cacd91ec0e0c659b12ee1c307e7c66	2542	onboarding-v0.1.5
onboarding-v0.1.5/VERSION	82278b00d7d9786591721076e027c555f52a949ea5502930387149072310eab8	14	onboarding-v0.1.5
onboarding-v0.1.5/assets/chiefmonkey6.glb	36fcbb82ccae0aad13578f986ea214f6fc056b4a86c6284975ce6216924161fe	1227020	onboarding-v0.1.5
onboarding-v0.1.5/character.js	3e2e97ea3f70e6e543e1ca5bc7216545a074da1e553b386f2bb442ea3fde2eab	8446	onboarding-v0.1.5
onboarding-v0.1.5/deck.js	840c90630ef4a140d6c27086eafe0d4f9d93a0588a3aa26991fd00766aaef088	3631	onboarding-v0.1.5
onboarding-v0.1.5/index.html	2bed8d2e515fb193db5e35ecf6225fecb52174add4539315736ce96dd0996fa0	14408	onboarding-v0.1.5
onboarding-v0.1.5/inspect/index.html	3f7c8e9d465195d5d4de15ce9066e25cd66889e9571400aec127a439752bf58c	10020	onboarding-v0.1.5
onboarding-v0.1.5/inspect/inspector.js	6e72217a8839fb361894c0772d309d6e778cd06213b5ab139370368fa70150e9	10700	onboarding-v0.1.5
onboarding-v0.1.5/scenes/01-approach.png	f0f1997d3be6cafdc49577b11cb1bc1ea8b86eb05aec1271a78dd2692e8d5d79	3166545	onboarding-v0.1.5
onboarding-v0.1.5/scenes/02-preparation.png	3d5d7a0ae89a3f863b970a82d1e2abe821109fca310603ecacbc3b1eefd2ba9a	2738136	onboarding-v0.1.5
onboarding-v0.1.5/scenes/03-connection.png	e0ed57cac5857cd39a9f681ce1480efbab4eb200f4961952489d6bf63e7b0dd4	2648940	onboarding-v0.1.5
onboarding-v0.1.5/scenes/04-introduction.png	7c6756d406b43245b4439b5e28ae5c8f3aca16ee5abb663d1465d8ba1e8597d7	3006569	onboarding-v0.1.5
onboarding-v0.1.5/scenes/05-departure.png	d9bcc3095d98400461388c143990e0f3b789735858238c2d6cca285248f33b0a	2940982	onboarding-v0.1.5
onboarding-v0.1.5/shared.css	6fdb19389c7d67c0a30b83636218686af129b9297f0d6ceac8ff5f120ceb3650	20478	onboarding-v0.1.5
onboarding-v0.1.5/three-libs/draco/draco_decoder.js	8625489da79a805f4f2a7d511c3e52d8b4085608a9d2a4d5f4f9de5db0aea04f	512465	onboarding-v0.1.5
onboarding-v0.1.5/three-libs/draco/draco_decoder.wasm	a680d927bed9cb864ddbd63521868891af2bfbe755092761b4837487618df8ac	192420	onboarding-v0.1.5
onboarding-v0.1.5/three-libs/draco/draco_wasm_wrapper.js	8bb2952d2ba7d67e1414f8df819410cb0434a666be53f671fff75f68843d76f6	58456	onboarding-v0.1.5
onboarding-v0.1.5/three-libs/three/addons/loaders/DRACOLoader.js	65c114ecb7b349cdc59c75b2c92d19cca672a138060dba0f60f64262fa40408c	13628	onboarding-v0.1.5
onboarding-v0.1.5/three-libs/three/addons/loaders/GLTFLoader.js	d073b438e6a07e1359741dd5d6c76c953420cc0d4fd84eb1bdde94315540e6a3	108522	onboarding-v0.1.5
onboarding-v0.1.5/three-libs/three/addons/utils/BufferGeometryUtils.js	b0c64fe6f3b9907262921b73fafc4ade874c07ba6b4876e164c87a830c2c2113	31554	onboarding-v0.1.5
onboarding-v0.1.5/three-libs/three/three.module.js	e7348ab8c7bf7a41f7afc5fe503c20a0ed090d9536aacf1ee975d7aaee24d394	1280747	onboarding-v0.1.5
onboarding-v0.1.6/CHANGELOG.md	0321e91cc243ffc8dca8cb1479cc24d03a0b8218c49ce4fc1dd39b0d7157adf4	3058	onboarding-v0.1.6
onboarding-v0.1.6/README.md	3548b72c010ea64034b3c372d3c8080820cacd91ec0e0c659b12ee1c307e7c66	2542	onboarding-v0.1.6
onboarding-v0.1.6/VERSION	ce31113c662a0d350a5aac4a8e554d4cbdf3556402b9eb1997fef4bb250ae156	14	onboarding-v0.1.6
onboarding-v0.1.6/assets/chiefmonkey6.glb	36fcbb82ccae0aad13578f986ea214f6fc056b4a86c6284975ce6216924161fe	1227020	onboarding-v0.1.6
onboarding-v0.1.6/character.js	3a2359430f2c1b5c5550536402c296b8f89458f69f90f27eae9b9f8d0e539d2d	9000	onboarding-v0.1.6
onboarding-v0.1.6/deck.js	840c90630ef4a140d6c27086eafe0d4f9d93a0588a3aa26991fd00766aaef088	3631	onboarding-v0.1.6
onboarding-v0.1.6/index.html	2bed8d2e515fb193db5e35ecf6225fecb52174add4539315736ce96dd0996fa0	14408	onboarding-v0.1.6
onboarding-v0.1.6/inspect/index.html	3f7c8e9d465195d5d4de15ce9066e25cd66889e9571400aec127a439752bf58c	10020	onboarding-v0.1.6
onboarding-v0.1.6/inspect/inspector.js	6e72217a8839fb361894c0772d309d6e778cd06213b5ab139370368fa70150e9	10700	onboarding-v0.1.6
onboarding-v0.1.6/scenes/01-approach.png	f0f1997d3be6cafdc49577b11cb1bc1ea8b86eb05aec1271a78dd2692e8d5d79	3166545	onboarding-v0.1.6
onboarding-v0.1.6/scenes/02-preparation.png	3d5d7a0ae89a3f863b970a82d1e2abe821109fca310603ecacbc3b1eefd2ba9a	2738136	onboarding-v0.1.6
onboarding-v0.1.6/scenes/03-connection.png	e0ed57cac5857cd39a9f681ce1480efbab4eb200f4961952489d6bf63e7b0dd4	2648940	onboarding-v0.1.6
onboarding-v0.1.6/scenes/04-introduction.png	7c6756d406b43245b4439b5e28ae5c8f3aca16ee5abb663d1465d8ba1e8597d7	3006569	onboarding-v0.1.6
onboarding-v0.1.6/scenes/05-departure.png	d9bcc3095d98400461388c143990e0f3b789735858238c2d6cca285248f33b0a	2940982	onboarding-v0.1.6
onboarding-v0.1.6/shared.css	6fdb19389c7d67c0a30b83636218686af129b9297f0d6ceac8ff5f120ceb3650	20478	onboarding-v0.1.6
onboarding-v0.1.6/three-libs/draco/draco_decoder.js	8625489da79a805f4f2a7d511c3e52d8b4085608a9d2a4d5f4f9de5db0aea04f	512465	onboarding-v0.1.6
onboarding-v0.1.6/three-libs/draco/draco_decoder.wasm	a680d927bed9cb864ddbd63521868891af2bfbe755092761b4837487618df8ac	192420	onboarding-v0.1.6
onboarding-v0.1.6/three-libs/draco/draco_wasm_wrapper.js	8bb2952d2ba7d67e1414f8df819410cb0434a666be53f671fff75f68843d76f6	58456	onboarding-v0.1.6
onboarding-v0.1.6/three-libs/three/addons/loaders/DRACOLoader.js	65c114ecb7b349cdc59c75b2c92d19cca672a138060dba0f60f64262fa40408c	13628	onboarding-v0.1.6
onboarding-v0.1.6/three-libs/three/addons/loaders/GLTFLoader.js	d073b438e6a07e1359741dd5d6c76c953420cc0d4fd84eb1bdde94315540e6a3	108522	onboarding-v0.1.6
onboarding-v0.1.6/three-libs/three/addons/utils/BufferGeometryUtils.js	b0c64fe6f3b9907262921b73fafc4ade874c07ba6b4876e164c87a830c2c2113	31554	onboarding-v0.1.6
onboarding-v0.1.6/three-libs/three/three.module.js	e7348ab8c7bf7a41f7afc5fe503c20a0ed090d9536aacf1ee975d7aaee24d394	1280747	onboarding-v0.1.6
onboarding-v0.1.7/CHANGELOG.md	d9b4f486fa6fb42ea9ef95ac75757177df49ece7c791263cecd31ea483e300fb	3810	onboarding-v0.1.7
onboarding-v0.1.7/README.md	3548b72c010ea64034b3c372d3c8080820cacd91ec0e0c659b12ee1c307e7c66	2542	onboarding-v0.1.7
onboarding-v0.1.7/VERSION	cf2dab38106cba47d35071879d2d9063a7c27391879cf15f4f2062e0761a3347	14	onboarding-v0.1.7
onboarding-v0.1.7/assets/chiefmonkey6.glb	36fcbb82ccae0aad13578f986ea214f6fc056b4a86c6284975ce6216924161fe	1227020	onboarding-v0.1.7
onboarding-v0.1.7/character.js	46074a8128590c068d35192cb3e23de07f42abbbb07104ecb960a9445bc09620	9782	onboarding-v0.1.7
onboarding-v0.1.7/deck.js	840c90630ef4a140d6c27086eafe0d4f9d93a0588a3aa26991fd00766aaef088	3631	onboarding-v0.1.7
onboarding-v0.1.7/index.html	2bed8d2e515fb193db5e35ecf6225fecb52174add4539315736ce96dd0996fa0	14408	onboarding-v0.1.7
onboarding-v0.1.7/inspect/index.html	3f7c8e9d465195d5d4de15ce9066e25cd66889e9571400aec127a439752bf58c	10020	onboarding-v0.1.7
onboarding-v0.1.7/inspect/inspector.js	6e72217a8839fb361894c0772d309d6e778cd06213b5ab139370368fa70150e9	10700	onboarding-v0.1.7
onboarding-v0.1.7/scenes/01-approach.png	f0f1997d3be6cafdc49577b11cb1bc1ea8b86eb05aec1271a78dd2692e8d5d79	3166545	onboarding-v0.1.7
onboarding-v0.1.7/scenes/02-preparation.png	3d5d7a0ae89a3f863b970a82d1e2abe821109fca310603ecacbc3b1eefd2ba9a	2738136	onboarding-v0.1.7
onboarding-v0.1.7/scenes/03-connection.png	e0ed57cac5857cd39a9f681ce1480efbab4eb200f4961952489d6bf63e7b0dd4	2648940	onboarding-v0.1.7
onboarding-v0.1.7/scenes/04-introduction.png	7c6756d406b43245b4439b5e28ae5c8f3aca16ee5abb663d1465d8ba1e8597d7	3006569	onboarding-v0.1.7
onboarding-v0.1.7/scenes/05-departure.png	d9bcc3095d98400461388c143990e0f3b789735858238c2d6cca285248f33b0a	2940982	onboarding-v0.1.7
onboarding-v0.1.7/shared.css	407eb6a99ad1a7c2f46d8df565e3365c066f89be8ca88cabe8ff652685d1a232	20947	onboarding-v0.1.7
onboarding-v0.1.7/three-libs/draco/draco_decoder.js	8625489da79a805f4f2a7d511c3e52d8b4085608a9d2a4d5f4f9de5db0aea04f	512465	onboarding-v0.1.7
onboarding-v0.1.7/three-libs/draco/draco_decoder.wasm	a680d927bed9cb864ddbd63521868891af2bfbe755092761b4837487618df8ac	192420	onboarding-v0.1.7
onboarding-v0.1.7/three-libs/draco/draco_wasm_wrapper.js	8bb2952d2ba7d67e1414f8df819410cb0434a666be53f671fff75f68843d76f6	58456	onboarding-v0.1.7
onboarding-v0.1.7/three-libs/three/addons/loaders/DRACOLoader.js	65c114ecb7b349cdc59c75b2c92d19cca672a138060dba0f60f64262fa40408c	13628	onboarding-v0.1.7
onboarding-v0.1.7/three-libs/three/addons/loaders/GLTFLoader.js	d073b438e6a07e1359741dd5d6c76c953420cc0d4fd84eb1bdde94315540e6a3	108522	onboarding-v0.1.7
onboarding-v0.1.7/three-libs/three/addons/utils/BufferGeometryUtils.js	b0c64fe6f3b9907262921b73fafc4ade874c07ba6b4876e164c87a830c2c2113	31554	onboarding-v0.1.7
onboarding-v0.1.7/three-libs/three/three.module.js	e7348ab8c7bf7a41f7afc5fe503c20a0ed090d9536aacf1ee975d7aaee24d394	1280747	onboarding-v0.1.7
onboarding-v0.1.8/CHANGELOG.md	fb9546177c82ef1c9cbcdd5b9f6110d6f82be44faf7e625c7b92d94383b3813b	4093	onboarding-v0.1.8
onboarding-v0.1.8/README.md	3548b72c010ea64034b3c372d3c8080820cacd91ec0e0c659b12ee1c307e7c66	2542	onboarding-v0.1.8
onboarding-v0.1.8/VERSION	d31fa4ebf548f6828bca414012a17e525ccb6c281f309d53d77f29ed9b6239fa	14	onboarding-v0.1.8
onboarding-v0.1.8/assets/chiefmonkey6.glb	36fcbb82ccae0aad13578f986ea214f6fc056b4a86c6284975ce6216924161fe	1227020	onboarding-v0.1.8
onboarding-v0.1.8/character.js	774e051193f2c5916c23922a38090e7a0eec93fd12ffcec66825f5a7ac592d43	9782	onboarding-v0.1.8
onboarding-v0.1.8/deck.js	840c90630ef4a140d6c27086eafe0d4f9d93a0588a3aa26991fd00766aaef088	3631	onboarding-v0.1.8
onboarding-v0.1.8/index.html	2bed8d2e515fb193db5e35ecf6225fecb52174add4539315736ce96dd0996fa0	14408	onboarding-v0.1.8
onboarding-v0.1.8/inspect/index.html	3f7c8e9d465195d5d4de15ce9066e25cd66889e9571400aec127a439752bf58c	10020	onboarding-v0.1.8
onboarding-v0.1.8/inspect/inspector.js	6e72217a8839fb361894c0772d309d6e778cd06213b5ab139370368fa70150e9	10700	onboarding-v0.1.8
onboarding-v0.1.8/scenes/01-approach.png	f0f1997d3be6cafdc49577b11cb1bc1ea8b86eb05aec1271a78dd2692e8d5d79	3166545	onboarding-v0.1.8
onboarding-v0.1.8/scenes/02-preparation.png	3d5d7a0ae89a3f863b970a82d1e2abe821109fca310603ecacbc3b1eefd2ba9a	2738136	onboarding-v0.1.8
onboarding-v0.1.8/scenes/03-connection.png	e0ed57cac5857cd39a9f681ce1480efbab4eb200f4961952489d6bf63e7b0dd4	2648940	onboarding-v0.1.8
onboarding-v0.1.8/scenes/04-introduction.png	7c6756d406b43245b4439b5e28ae5c8f3aca16ee5abb663d1465d8ba1e8597d7	3006569	onboarding-v0.1.8
onboarding-v0.1.8/scenes/05-departure.png	d9bcc3095d98400461388c143990e0f3b789735858238c2d6cca285248f33b0a	2940982	onboarding-v0.1.8
onboarding-v0.1.8/shared.css	407eb6a99ad1a7c2f46d8df565e3365c066f89be8ca88cabe8ff652685d1a232	20947	onboarding-v0.1.8
onboarding-v0.1.8/three-libs/draco/draco_decoder.js	8625489da79a805f4f2a7d511c3e52d8b4085608a9d2a4d5f4f9de5db0aea04f	512465	onboarding-v0.1.8
onboarding-v0.1.8/three-libs/draco/draco_decoder.wasm	a680d927bed9cb864ddbd63521868891af2bfbe755092761b4837487618df8ac	192420	onboarding-v0.1.8
onboarding-v0.1.8/three-libs/draco/draco_wasm_wrapper.js	8bb2952d2ba7d67e1414f8df819410cb0434a666be53f671fff75f68843d76f6	58456	onboarding-v0.1.8
onboarding-v0.1.8/three-libs/three/addons/loaders/DRACOLoader.js	65c114ecb7b349cdc59c75b2c92d19cca672a138060dba0f60f64262fa40408c	13628	onboarding-v0.1.8
onboarding-v0.1.8/three-libs/three/addons/loaders/GLTFLoader.js	d073b438e6a07e1359741dd5d6c76c953420cc0d4fd84eb1bdde94315540e6a3	108522	onboarding-v0.1.8
onboarding-v0.1.8/three-libs/three/addons/utils/BufferGeometryUtils.js	b0c64fe6f3b9907262921b73fafc4ade874c07ba6b4876e164c87a830c2c2113	31554	onboarding-v0.1.8
onboarding-v0.1.8/three-libs/three/three.module.js	e7348ab8c7bf7a41f7afc5fe503c20a0ed090d9536aacf1ee975d7aaee24d394	1280747	onboarding-v0.1.8
onboarding-v0.1.9/CHANGELOG.md	23f3619b2f7413d8c4b2d4a306e0fa448e7c2833b971e872a124254f5c671e51	5314	onboarding-v0.1.9
onboarding-v0.1.9/README.md	3548b72c010ea64034b3c372d3c8080820cacd91ec0e0c659b12ee1c307e7c66	2542	onboarding-v0.1.9
onboarding-v0.1.9/VERSION	d665243c92b846e75b45eb13c66ce080052b78d3d05648f71f3d824326677071	14	onboarding-v0.1.9
onboarding-v0.1.9/assets/chiefmonkey6.glb	36fcbb82ccae0aad13578f986ea214f6fc056b4a86c6284975ce6216924161fe	1227020	onboarding-v0.1.9
onboarding-v0.1.9/character.js	774e051193f2c5916c23922a38090e7a0eec93fd12ffcec66825f5a7ac592d43	9782	onboarding-v0.1.9
onboarding-v0.1.9/deck.js	840c90630ef4a140d6c27086eafe0d4f9d93a0588a3aa26991fd00766aaef088	3631	onboarding-v0.1.9
onboarding-v0.1.9/index.html	306b165d3eb29b18185793a422fea0df9744ce0fd035faa191c24c24eeef02b5	15852	onboarding-v0.1.9
onboarding-v0.1.9/inspect/index.html	3f7c8e9d465195d5d4de15ce9066e25cd66889e9571400aec127a439752bf58c	10020	onboarding-v0.1.9
onboarding-v0.1.9/inspect/inspector.js	6e72217a8839fb361894c0772d309d6e778cd06213b5ab139370368fa70150e9	10700	onboarding-v0.1.9
onboarding-v0.1.9/scenes/01-approach.webp	7f08977f9f69d76be10e3b44d2889db8c92b92433afa00009bf08ca0c31a96a7	320598	onboarding-v0.1.9
onboarding-v0.1.9/scenes/02-preparation.webp	6873002c35e0c48c9625d03193d8817abf33974c45da34d2d28d650c34823cd1	204294	onboarding-v0.1.9
onboarding-v0.1.9/scenes/03-connection.webp	fd158e958d0f698ba29e131329438bbcdec922c8f248cdcc29b1385d91942656	230054	onboarding-v0.1.9
onboarding-v0.1.9/scenes/04-introduction.webp	aa9f23448e9e3a21110e7bdb86d7c0cb8935cfd86d3a6d0f3fbdb624f1692eae	269670	onboarding-v0.1.9
onboarding-v0.1.9/scenes/05-departure.webp	66d78eaa61684be7ea58ac74d98705a9634324469f398f52639dd0a47ea9d5b0	292826	onboarding-v0.1.9
onboarding-v0.1.9/shared.css	407eb6a99ad1a7c2f46d8df565e3365c066f89be8ca88cabe8ff652685d1a232	20947	onboarding-v0.1.9
onboarding-v0.1.9/three-libs/draco/draco_decoder.js	8625489da79a805f4f2a7d511c3e52d8b4085608a9d2a4d5f4f9de5db0aea04f	512465	onboarding-v0.1.9
onboarding-v0.1.9/three-libs/draco/draco_decoder.wasm	a680d927bed9cb864ddbd63521868891af2bfbe755092761b4837487618df8ac	192420	onboarding-v0.1.9
onboarding-v0.1.9/three-libs/draco/draco_wasm_wrapper.js	8bb2952d2ba7d67e1414f8df819410cb0434a666be53f671fff75f68843d76f6	58456	onboarding-v0.1.9
onboarding-v0.1.9/three-libs/three/addons/loaders/DRACOLoader.js	65c114ecb7b349cdc59c75b2c92d19cca672a138060dba0f60f64262fa40408c	13628	onboarding-v0.1.9
onboarding-v0.1.9/three-libs/three/addons/loaders/GLTFLoader.js	d073b438e6a07e1359741dd5d6c76c953420cc0d4fd84eb1bdde94315540e6a3	108522	onboarding-v0.1.9
onboarding-v0.1.9/three-libs/three/addons/utils/BufferGeometryUtils.js	b0c64fe6f3b9907262921b73fafc4ade874c07ba6b4876e164c87a830c2c2113	31554	onboarding-v0.1.9
onboarding-v0.1.9/three-libs/three/three.module.js	e7348ab8c7bf7a41f7afc5fe503c20a0ed090d9536aacf1ee975d7aaee24d394	1280747	onboarding-v0.1.9
releases/torii-continuum-onboarding-preview-v0.1.0.sha256.txt	5a5a09b3e9885159ab8105ab41674ed365719bd94ac35368c8c02969302e6aea	115	releases
releases/torii-continuum-onboarding-preview-v0.1.0.tar.gz	1d7348cc9ff25e8b8766c85bda1682068064cafe2c44d00fdbb8516e921c720b	15332443	releases
releases/torii-continuum-onboarding-preview-v0.1.1.sha256.txt	793cab644f03a2f8f63fcaca6afa3392e6a8345ee51c15ef2f3a6daa1dee089f	120	releases
releases/torii-continuum-onboarding-preview-v0.1.1.tar.gz	2e9e57afe1d85f025e4f74a98799ab21be74c11b29c8e98b46e336d22143a652	58104640	releases
releases/torii-continuum-onboarding-preview-v0.1.10.sha256.txt	8548190ba16c97d8cf6d81e82839a17ca7e2dffe3a85da562edce77834ed16b4	121	releases
releases/torii-continuum-onboarding-preview-v0.1.10.tar.gz	db0f7cab6d3d73d74c256e9599853a126d25802229c343f1ae48e818ff2b6654	2740493	releases
releases/torii-continuum-onboarding-preview-v0.1.11.sha256.txt	8a0dde07566ac6760759872759b8328bf8483ef72656e691e05daabc94c75302	121	releases
releases/torii-continuum-onboarding-preview-v0.1.11.tar.gz	5b956052c915f45bdd8486bc721f92cb3e1dacac7663c51e5419ddfcedfee54b	2741139	releases
releases/torii-continuum-onboarding-preview-v0.1.3.sha256.txt	4435b4baf959c04a38666dccb322c4e068b15eea7feb400b61116163bcb813fa	120	releases
releases/torii-continuum-onboarding-preview-v0.1.3.tar.gz	29fe758120308cdc7d32ca6487e1a97152e4f90667a518e6ba9e5e9e73306872	15628580	releases
releases/torii-continuum-onboarding-preview-v0.1.4.sha256.txt	87e0e7cd2ad4486ed2661adb7ddb2f9861a7c811cfa464ca6fb3ee9fada78efc	120	releases
releases/torii-continuum-onboarding-preview-v0.1.4.tar.gz	9d221744a21986d510f17a7df01354170b8fbcd167b47ac186ca4ba077116b30	15634929	releases
releases/torii-continuum-onboarding-preview-v0.1.5.sha256.txt	97b6edf3a0b395c9d468cb827ef658a9ccf2064c7492fc2e983795b58c615172	120	releases
releases/torii-continuum-onboarding-preview-v0.1.5.tar.gz	b3e3a084ef6630bab5199acfec0bb8d688b789eb9309a9388ef30cba84e6ce12	15635270	releases
releases/torii-continuum-onboarding-preview-v0.1.6.sha256.txt	d1664e5805c866d640d7c2867e521da3ac5f4f7cc64c6c09c3c3a7d4682d4fbc	120	releases
releases/torii-continuum-onboarding-preview-v0.1.6.tar.gz	09457399e0ea040390ebc9c73a877a50f0b856674ff10f933bdcb501b5a1f93a	15635459	releases
releases/torii-continuum-onboarding-preview-v0.1.7.sha256.txt	0cd1d0f4ecd0a379f15e90202fa70b0f44cc5ec931fed4e84e17c2e2b12004cc	120	releases
releases/torii-continuum-onboarding-preview-v0.1.7.tar.gz	bdf01ae2021648f2350f378fb03ca9cf12648fa784e7b5feb86c480e8dac7a9e	15636152	releases
releases/torii-continuum-onboarding-preview-v0.1.8.sha256.txt	b8e50164de8418b220bd2a70357d1c8373eb6255702981fb2414ce7526c07205	120	releases
releases/torii-continuum-onboarding-preview-v0.1.8.tar.gz	bb36aa7928b176b859519ef6623305e714626df0cba4984e411a2367ec6e69d2	15636201	releases
releases/torii-continuum-onboarding-preview-v0.1.9.sha256.txt	83118d06cc0b95c3ca8431253541896f9e67ce6a01b99284250584491d9b56f8	120	releases
releases/torii-continuum-onboarding-preview-v0.1.9.tar.gz	744ef4003e76f2df5cd763601eebec80601659d21249e16754b7b5c103df3305	2739631	releases
